Order ID,Order Date,Customer Name,Customer Type,Product,Category,Subcategory,Brand,SKU,Quantity,Price,Sales,Discount,Tax,Profit,City,State,Country,Region,Postal Code,Payment Method,Sales Channel,Order Status,Salesperson,Warehouse,Campaign Name,Shipping Cost,Shipping Date,Delivery Date,Customer Age
ORD1001,01/08/2026,Rahul Sharma,Regular,Laptop Pro 14,Electronics,Laptops,TechPro,LP14-001,2,65000,130000,5,23400,18000,Delhi,Delhi,India,North,110001,UPI,Online,Delivered,Amit,Warehouse A,Diwali,500,03/08/2026,06/08/2026,28
ORD1002,02/08/2026,Priya Singh,Premium,Wireless Mouse,Accessories,Mouse,LogiTech,WM-102,5,1200,6000,10,1080,1500,Lucknow,Uttar Pradesh,India,North,226001,Credit Card,Marketplace,Delivered,Priya,Warehouse B,Summer Sale,200,03/08/2026,05/08/2026,34
ORD1003,03/08/2026,Ankit Verma,Regular,Mechanical Keyboard,Accessories,Keyboard,KeyMaster,KB-201,3,3500,10500,5,1890,2700,Gorakhpur,Uttar Pradesh,India,North,273001,Debit Card,Online,Shipped,Rohit,Warehouse A,Online Campaign,250,04/08/2026,07/08/2026,25
ORD1004,04/08/2026,Neha Gupta,Premium,27-inch Monitor,Electronics,Monitors,ViewMax,MON-301,2,18500,37000,8,6660,7200,Mumbai,Maharashtra,India,West,400001,Credit Card,Online,Delivered,Neha,Warehouse C,Festive Offer,600,05/08/2026,09/08/2026,31
ORD1005,05/08/2026,Aman Kumar,Regular,USB-C Hub,Accessories,Hubs,ConnectX,HUB-401,4,2200,8800,0,1584,2400,Pune,Maharashtra,India,West,411001,UPI,Retail Store,Delivered,Vikas,Warehouse C,Clearance,300,06/08/2026,08/08/2026,29
ORD1006,06/08/2026,Riya Mishra,Premium,Smartphone X,Electronics,Mobile,PhoneMax,SP-501,1,42000,42000,10,7560,6500,Bengaluru,Karnataka,India,South,560001,Net Banking,Online,Delivered,Sneha,Warehouse D,New Launch,450,07/08/2026,10/08/2026,27
ORD1007,07/08/2026,Arjun Yadav,Regular,Tablet Air,Electronics,Tablet,TabTech,TB-601,2,28000,56000,5,10080,9000,Chennai,Tamil Nadu,India,South,600001,UPI,Marketplace,Processing,Amit,Warehouse D,Online Campaign,350,08/08/2026,,22
ORD1008,08/08/2026,Karan Singh,Regular,Office Chair,Furniture,Chair,ComfortSeat,CH-701,3,8500,25500,7,4590,5100,Hyderabad,Telangana,India,South,500001,Cash,Retail Store,Delivered,Priya,Warehouse B,Summer Sale,700,09/08/2026,12/08/2026,36
ORD1009,09/08/2026,Sneha Patel,Premium,Standing Desk,Furniture,Desk,WorkSpace,DS-801,1,22000,22000,5,3960,4000,Kolkata,West Bengal,India,East,700001,Credit Card,Online,Shipped,Rohit,Warehouse A,Festive Offer,800,10/08/2026,14/08/2026,30
ORD1010,10/08/2026,Vivek Das,Regular,Webcam HD,Electronics,Camera,VisionTech,WC-901,4,4500,18000,10,3240,3600,Jaipur,Rajasthan,India,West,302001,Debit Card,Marketplace,Delivered,Neha,Warehouse C,Diwali,400,11/08/2026,14/08/2026,41
ORD1011,11/08/2026,Rahul Sharma,Premium,Bluetooth Speaker,Electronics,Audio,SoundMax,BS-111,2,3200,6400,5,1152,1800,Delhi,Delhi,India,North,110002,UPI,Online,Delivered,Amit,Warehouse A,New Launch,250,12/08/2026,15/08/2026,28
ORD1012,12/08/2026,Priya Singh,Regular,Headphones Pro,Electronics,Audio,SoundMax,HP-112,3,5500,16500,8,2970,4200,Lucknow,Uttar Pradesh,India,North,226002,Credit Card,Online,Delivered,Priya,Warehouse B,Online Campaign,300,13/08/2026,16/08/2026,34
ORD1013,13/08/2026,Ankit Verma,Regular,External SSD 1TB,Storage,SSD,DataStore,SSD-113,2,7800,15600,0,2808,3500,Gorakhpur,Uttar Pradesh,India,North,273002,UPI,Marketplace,Shipped,Rohit,Warehouse A,Summer Sale,250,14/08/2026,18/08/2026,25
ORD1014,14/08/2026,Neha Gupta,Premium,Power Bank,Accessories,Power,VoltMax,PB-114,5,1800,9000,5,1620,2300,Mumbai,Maharashtra,India,West,400002,Debit Card,Online,Delivered,Neha,Warehouse C,Clearance,220,15/08/2026,18/08/2026,31
ORD1015,15/08/2026,Aman Kumar,Regular,Printer,Electronics,Printer,PrintPro,PR-115,1,12500,12500,10,2250,2800,Pune,Maharashtra,India,West,411002,Net Banking,Retail Store,Delivered,Vikas,Warehouse C,Diwali,500,16/08/2026,20/08/2026,29
ORD1016,16/08/2026,Riya Mishra,Premium,Laptop Pro 14,Electronics,Laptops,TechPro,LP14-001,1,65000,65000,5,11700,9500,Bengaluru,Karnataka,India,South,560002,Credit Card,Online,Delivered,Sneha,Warehouse D,New Launch,600,17/08/2026,21/08/2026,27
ORD1017,17/08/2026,Arjun Yadav,Regular,Wireless Mouse,Accessories,Mouse,LogiTech,WM-102,6,1200,7200,0,1296,1900,Chennai,Tamil Nadu,India,South,600002,UPI,Marketplace,Processing,Amit,Warehouse D,Summer Sale,300,18/08/2026,,22
ORD1018,18/08/2026,Karan Singh,Regular,Mechanical Keyboard,Accessories,Keyboard,KeyMaster,KB-201,2,3500,7000,5,1260,1700,Hyderabad,Telangana,India,South,500002,Cash,Retail Store,Delivered,Priya,Warehouse B,Clearance,250,19/08/2026,22/08/2026,36
ORD1019,19/08/2026,Sneha Patel,Premium,27-inch Monitor,Electronics,Monitors,ViewMax,MON-301,1,18500,18500,8,3330,4000,Kolkata,West Bengal,India,East,700002,Credit Card,Online,Shipped,Rohit,Warehouse A,Festive Offer,500,20/08/2026,24/08/2026,30
ORD1020,20/08/2026,Vivek Das,Regular,Office Chair,Furniture,Chair,ComfortSeat,CH-701,2,8500,17000,7,3060,3400,Jaipur,Rajasthan,India,West,302002,Debit Card,Marketplace,Delivered,Neha,Warehouse C,Online Campaign,550,21/08/2026,25/08/2026,41
ORD1021,21/08/2026,Rahul Sharma,Regular,Standing Desk,Furniture,Desk,WorkSpace,DS-801,1,22000,22000,5,3960,4000,Delhi,Delhi,India,North,110003,UPI,Online,Delivered,Amit,Warehouse A,Diwali,700,22/08/2026,26/08/2026,28
ORD1022,22/08/2026,Priya Singh,Premium,Webcam HD,Electronics,Camera,VisionTech,WC-901,3,4500,13500,10,2430,2800,Lucknow,Uttar Pradesh,India,North,226003,Credit Card,Marketplace,Delivered,Priya,Warehouse B,Summer Sale,350,23/08/2026,26/08/2026,34
ORD1023,23/08/2026,Ankit Verma,Regular,Bluetooth Speaker,Electronics,Audio,SoundMax,BS-111,4,3200,12800,5,2304,3300,Gorakhpur,Uttar Pradesh,India,North,273003,UPI,Online,Shipped,Rohit,Warehouse A,New Launch,300,24/08/2026,28/08/2026,25
ORD1024,24/08/2026,Neha Gupta,Premium,Headphones Pro,Electronics,Audio,SoundMax,HP-112,2,5500,11000,8,1980,2800,Mumbai,Maharashtra,India,West,400003,Debit Card,Online,Delivered,Neha,Warehouse C,Festive Offer,280,25/08/2026,29/08/2026,31
ORD1025,25/08/2026,Aman Kumar,Regular,External SSD 1TB,Storage,SSD,DataStore,SSD-113,3,7800,23400,0,4212,5200,Pune,Maharashtra,India,West,411003,Net Banking,Retail Store,Delivered,Vikas,Warehouse C,Clearance,400,26/08/2026,30/08/2026,29
ORD1026,26/08/2026,Riya Mishra,Premium,Power Bank,Accessories,Power,VoltMax,PB-114,4,1800,,5,1296,2100,Bengaluru,Karnataka,India,South,560003,Credit Card,Online,Delivered,Sneha,Warehouse D,Online Campaign,250,27/08/2026,30/08/2026,27
ORD1027,27/08/2026,Arjun Yadav,Regular,Printer,Electronics,Printer,PrintPro,PR-115,2,12500,25000,10,4500,5500,Chennai,Tamil Nadu,India,South,600003,UPI,Marketplace,Processing,Amit,Warehouse D,Diwali,600,28/08/2026,,22
ORD1028,28/08/2026,Karan Singh,Regular,Laptop Pro 14,Electronics,Laptops,TechPro,LP14-001,-2,65000,-130000,5,0,-18000,Hyderabad,Telangana,India,South,500003,Cash,Online,Cancelled,Priya,Warehouse B,Clearance,500,29/08/2026,,36
ORD1029,29/08/2026,Sneha Patel,Premium,Wireless Mouse,Accessories,Mouse,LogiTech,WM-102,8,1200,9600,10,1728,2500,Kolkata,West Bengal,India,East,700003,Credit Card,Marketplace,Delivered,Rohit,Warehouse A,Summer Sale,350,30/08/2026,02/09/2026,30
ORD1030,30/08/2026,Vivek Das,Regular,Mechanical Keyboard,Accessories,Keyboard,KeyMaster,KB-201,3,3500,10500,5,1890,2700,Jaipur,Rajasthan,India,West,302003,Debit Card,Retail Store,Delivered,Neha,Warehouse C,Festive Offer,300,31/08/2026,03/09/2026,41
ORD1031,31/08/2026,Rahul Sharma,Regular,27-inch Monitor,Electronics,Monitors,ViewMax,MON-301,2,18500,37000,8,6660,7200,Delhi,Delhi,India,North,110004,UPI,Online,Delivered,Amit,Warehouse A,Diwali,600,01/09/2026,05/09/2026,28
ORD1032,01/09/2026,Priya Singh,Premium,USB-C Hub,Accessories,Hubs,ConnectX,HUB-401,5,2200,11000,0,1980,3000,Lucknow,Uttar Pradesh,India,North,226004,Credit Card,Marketplace,Shipped,Priya,Warehouse B,Online Campaign,300,02/09/2026,06/09/2026,34
ORD1033,02/09/2026,Ankit Verma,Regular,Smartphone X,Electronics,Mobile,PhoneMax,SP-501,1,42000,42000,10,7560,6500,Gorakhpur,Uttar Pradesh,India,North,273004,UPI,Online,Delivered,Rohit,Warehouse A,New Launch,450,03/09/2026,07/09/2026,25
ORD1034,03/09/2026,Neha Gupta,Premium,Tablet Air,Electronics,Tablet,TabTech,TB-601,2,28000,56000,5,10080,9000,Mumbai,Maharashtra,India,West,400004,Credit Card,Online,Delivered,Neha,Warehouse C,Festive Offer,400,04/09/2026,08/09/2026,31
ORD1035,04/09/2026,Aman Kumar,Regular,Office Chair,Furniture,Chair,ComfortSeat,CH-701,2,8500,17000,7,3060,3400,Pune,Maharashtra,India,West,411004,Debit Card,Retail Store,Delivered,Vikas,Warehouse C,Summer Sale,550,05/09/2026,09/09/2026,29
ORD1036,05/09/2026,Riya Mishra,Premium,Standing Desk,Furniture,Desk,WorkSpace,DS-801,1,22000,22000,5,3960,4000,Bengaluru,Karnataka,India,South,560004,Net Banking,Online,Shipped,Sneha,Warehouse D,New Launch,700,06/09/2026,10/09/2026,27
ORD1037,06/09/2026,Arjun Yadav,Regular,Webcam HD,Electronics,Camera,VisionTech,WC-901,5,4500,22500,10,4050,4800,Chennai,Tamil Nadu,India,South,600004,UPI,Marketplace,Delivered,Amit,Warehouse D,Online Campaign,450,07/09/2026,11/09/2026,22
ORD1038,07/09/2026,Karan Singh,Regular,Bluetooth Speaker,Electronics,Audio,SoundMax,BS-111,3,3200,9600,5,1728,2400,Hyderabad,Telangana,India,South,500004,Cash,Retail Store,Delivered,Priya,Warehouse B,Clearance,300,08/09/2026,12/09/2026,36
ORD1039,08/09/2026,Sneha Patel,Premium,Headphones Pro,Electronics,Audio,SoundMax,HP-112,4,5500,22000,8,3960,5600,Kolkata,West Bengal,India,East,700004,Credit Card,Online,Delivered,Rohit,Warehouse A,Diwali,350,09/09/2026,13/09/2026,30
ORD1040,09/09/2026,Vivek Das,Regular,External SSD 1TB,Storage,SSD,DataStore,SSD-113,2,7800,15600,0,2808,3500,Jaipur,Rajasthan,India,West,302004,Debit Card,Marketplace,Shipped,Neha,Warehouse C,Festive Offer,300,10/09/2026,14/09/2026,41
ORD1041,10/09/2026,Rahul Sharma,Regular,Power Bank,Accessories,Power,VoltMax,PB-114,7,1800,12600,5,2268,3200,Delhi,Delhi,India,North,110005,UPI,Online,Delivered,Amit,Warehouse A,Summer Sale,300,11/09/2026,15/09/2026,28
ORD1042,11/09/2026,Priya Singh,Premium,Printer,Electronics,Printer,PrintPro,PR-115,1,12500,12500,10,2250,2800,Lucknow,Uttar Pradesh,India,North,226005,Credit Card,Retail Store,Delivered,Priya,Warehouse B,New Launch,500,12/09/2026,16/09/2026,34
ORD1043,12/09/2026,Ankit Verma,Regular,Laptop Pro 14,Electronics,Laptops,TechPro,LP14-001,1,65000,65000,5,11700,9500,Gorakhpur,Uttar Pradesh,India,North,273005,UPI,Online,Delivered,Rohit,Warehouse A,Diwali,600,13/09/2026,17/09/2026,25
ORD1044,13/09/2026,Neha Gupta,Premium,Wireless Mouse,Accessories,Mouse,LogiTech,WM-102,10,1200,12000,10,2160,3000,Mumbai,Maharashtra,India,West,400005,Credit Card,Marketplace,Delivered,Neha,Warehouse C,Clearance,400,14/09/2026,18/09/2026,31
ORD1045,14/09/2026,Aman Kumar,Regular,Mechanical Keyboard,Accessories,Keyboard,KeyMaster,KB-201,4,3500,14000,5,2520,3600,Pune,Maharashtra,India,West,411005,Debit Card,Retail Store,Delivered,Vikas,Warehouse C,Festive Offer,350,15/09/2026,19/09/2026,29
ORD1046,15/09/2026,Riya Mishra,Premium,27-inch Monitor,Electronics,Monitors,ViewMax,MON-301,2,18500,37000,8,6660,7200,Bengaluru,Karnataka,India,South,560005,Net Banking,Online,Shipped,Sneha,Warehouse D,Online Campaign,600,16/09/2026,20/09/2026,27
ORD1047,16/09/2026,Arjun Yadav,Regular,USB-C Hub,Accessories,Hubs,ConnectX,HUB-401,3,2200,6600,0,1188,1800,Chennai,Tamil Nadu,India,South,600005,UPI,Marketplace,Delivered,Amit,Warehouse D,Summer Sale,250,17/09/2026,21/09/2026,22
ORD1048,17/09/2026,Karan Singh,Regular,Smartphone X,Electronics,Mobile,PhoneMax,SP-501,2,42000,84000,10,15120,13000,Hyderabad,Telangana,India,South,500005,Cash,Online,Processing,Priya,Warehouse B,New Launch,500,18/09/2026,,36
ORD1049,18/09/2026,Sneha Patel,Premium,Tablet Air,Electronics,Tablet,TabTech,TB-601,1,28000,28000,5,5040,4500,Kolkata,West Bengal,India,East,700005,Credit Card,Online,Delivered,Rohit,Warehouse A,Diwali,400,19/09/2026,23/09/2026,30
ORD1050,19/09/2026,Vivek Das,Regular,Office Chair,Furniture,Chair,ComfortSeat,CH-701,3,8500,25500,7,4590,5100,Jaipur,Rajasthan,India,West,302005,Debit Card,Retail Store,Delivered,Neha,Warehouse C,Festive Offer,700,20/09/2026,24/09/2026,41